Workbook

Sheet Analysis & Dashboard
A2: BÁO CÁO PHÂN TÍCH & ĐÁNH GIÁ CHẤT LƯỢNG MÔ HÌNH NHẬN DIỆN KHUÔN MẶT
A3: So sánh toàn diện giữa FaceNet128/512, MTCNN/RetinaFace và các kiến trúc MLP Regularized
A5: 1. KẾT LUẬN CHUNG MÔ HÌNH TỐT NHẤT
A6: Mô hình xuất sắc nhất: | C6: Facenet512_retinaface_Reg1_512x256x128_regularized (Dòng số 4 bên dưới)
A7: Lý do Kỹ thuật cốt lõi: | C7: Đạt độ chính xác cao nhất (Test Acc = 95.42%, F1-Score = 95.31%) kết hợp khả năng bảo mật tối ưu vượt trội.
A8: An ninh & Bảo mật (FAR): | C8: Tỷ lệ chấp nhận sai (FAR) đạt mức THẤP NHẤT TOÀN BẢNG (2.33%), chặn người lạ giả mạo cực kỳ hiệu quả.
A9: Tốc độ & Phần cứng: | C9: Độ trễ xử lý cực thấp (0.1857 ms), tương đương 5,385.63 FPS, đáp ứng xuất sắc mọi hệ thống realtime.
A10: Đánh giá Kiến trúc: | C10: Sự kết hợp giữa FaceNet512 nâng cao chất lượng vector đặc trưng, bộ dò RetinaFace định vị chuẩn xác và các tầng mạng MLP Reg1 giúp mô hình tổng quát hóa rất tốt, giảm thiểu tối đa hiện tượng học vẹt (Overfit Gap tối ưu ở mức 3.83%).
A12: 2. BẢNG SO SÁNH CÁC CHỈ SỐ CỐT LÕI (CORE METRICS)
A13: Tên Mô Hình Evaluation | B13: Backbone | C13: Detector | D13: MLP Cấu Hình | E13: Test Accuracy | F13: Precision | G13: Recall | H13: F1-Score | I13: AUC | J13: FAR (Lọt người lạ) | K13: FRR (Chặn người quen) | L13: EER (Tỷ lệ lỗi biên) | M13: FPS
A14: ='Model Performance Data'!A2 | B14: ='Model Performance Data'!B2 | C14: ='Model Performance Data'!C2 | D14: ='Model Performance Data'!D2 | E14: ='Model Performance Data'!I2 | F14: ='Model Performance Data'!K2 | G14: ='Model Performance Data'!L2 | H14: ='Model Performance Data'!N2 | I14: ='Model Performance Data'!O2 | J14: ='Model Performance Data'!P2 | K14: ='Model Performance Data'!Q2 | L14: ='Model Performance Data'!R2 | M14: ='Model Performance Data'!Z2
A15: ='Model Performance Data'!A3 | B15: ='Model Performance Data'!B3 | C15: ='Model Performance Data'!C3 | D15: ='Model Performance Data'!D3 | E15: ='Model Performance Data'!I3 | F15: ='Model Performance Data'!K3 | G15: ='Model Performance Data'!L3 | H15: ='Model Performance Data'!N3 | I15: ='Model Performance Data'!O3 | J15: ='Model Performance Data'!P3 | K15: ='Model Performance Data'!Q3 | L15: ='Model Performance Data'!R3 | M15: ='Model Performance Data'!Z3
A16: ='Model Performance Data'!A4 | B16: ='Model Performance Data'!B4 | C16: ='Model Performance Data'!C4 | D16: ='Model Performance Data'!D4 | E16: ='Model Performance Data'!I4 | F16: ='Model Performance Data'!K4 | G16: ='Model Performance Data'!L4 | H16: ='Model Performance Data'!N4 | I16: ='Model Performance Data'!O4 | J16: ='Model Performance Data'!P4 | K16: ='Model Performance Data'!Q4 | L16: ='Model Performance Data'!R4 | M16: ='Model Performance Data'!Z4
A17: ='Model Performance Data'!A5 | B17: ='Model Performance Data'!B5 | C17: ='Model Performance Data'!C5 | D17: ='Model Performance Data'!D5 | E17: ='Model Performance Data'!I5 | F17: ='Model Performance Data'!K5 | G17: ='Model Performance Data'!L5 | H17: ='Model Performance Data'!N5 | I17: ='Model Performance Data'!O5 | J17: ='Model Performance Data'!P5 | K17: ='Model Performance Data'!Q5 | L17: ='Model Performance Data'!R5 | M17: ='Model Performance Data'!Z5
A19: 3. PHÂN TÍCH CHUYÊN SÂU THEO TIÊU CHÍ KỸ THUẬT
A20: A. Đột phá từ bộ dò RetinaFace so với MTCNN:
A21: Dữ liệu minh chứng rõ rệt sự nâng cấp từ MTCNN lên RetinaFace giúp cải thiện toàn diện hệ thống. Ở nhóm Baseline, RetinaFace giúp Test Accuracy tăng từ 93.50% lên 95.00%. Ở nhóm mạng MLP sâu, RetinaFace (Reg1) đạt độ chính xác 95.42% vượt qua mức 94.42% của MTCNN (Reg2). Ngoài ra, RetinaFace cho phân phối các điểm ảnh khuôn mặt chuẩn xác hơn, giúp tỷ lệ lỗi EER giảm sâu.
A23: B. Vai trò cốt lõi của tầng MLP Regularized chống Overfitting:
A24: Khi bổ sung khối MLP bổ trợ có thiết lập Regularization (Dropout & L2), mô hình học được các ranh giới phân lớp (decision boundary) phi tuyến tính phức tạp hơn. Facenet512_retinaface_Reg1 giữ khoảng cách Train-Test Gap cực kỳ an toàn ở mức 3.83%, chứng minh cấu hình này loại bỏ hiệu quả hiện tượng học vẹt (overfitting) thường thấy ở các mạng nơ-ron sâu.
A26: C. Bài toán cân bằng giữa Tốc độ và Tài nguyên Phần cứng:
A27: Về tốc độ tính toán, mô hình Facenet512_mtcnn_Reg2 đạt FPS cao nhất hệ thống (6,629.20 FPS) nhờ cấu trúc thu gọn 256x128x64 và dung lượng file chỉ 3.53 MB. Tuy nhiên, mô hình tốt nhất (RetinaFace Reg1) mặc dù có số lượng tham số lớn hơn (692,225 parameters) và file nặng hơn (7.96 MB) nhưng vẫn giữ được tốc độ xử lý đáng kinh ngạc là 5,385.63 FPS (chỉ mất 0.1857 ms/ảnh). Cả hai mô hình đều có mức RAM Delta phát sinh thêm vô cùng nhỏ (0.05MB - 0.06MB), cực kỳ lý tưởng để đóng gói triển khai phần mềm.

Sheet Model Performance Data
A1: Model ID | B1: Backbone | C1: Detector | D1: MLP Config | E1: Embedding Dim | F1: Train Loss | G1: Test Loss | H1: Train Acc | I1: Test Acc | J1: Balanced Acc | K1: Precision | L1: Recall | M1: Specificity | N1: F1 | O1: AUC | P1: FAR | Q1: FRR | R1: EER | S1: EER Threshold | T1: TP | U1: TN | V1: FP | W1: FN | X1: Overfit Gap | Y1: Latency (ms) | Z1: FPS | AA1: Throughput | AB1: Total Predict Time (s) | AC1: CPU Time (s) | AD1: CPU Percent Total | AE1: CPU Single Core Equiv | AF1: RAM Before (MB) | AG1: RAM After (MB) | AH1: RAM Delta (MB) | AI1: Parameters | AJ1: Model Size (MB)
A2: facenet_mtcnn | B2: FaceNet128 | C2: mtcnn | D2: Baseline (None) | E2: 128 | F2: 0.363 | G2: 0.4461 | H2: 0.9589 | I2: 0.935 | J2: 0.935 | K2: 0.09265 | L2: 0.945 | M2: 0.925 | N2: 0.9356 | O2: 0.9828 | P2: 0.075 | Q2: 0.055 | R2: 0.065 | S2: 0.5636 | T2: 567 | U2: 555 | V2: 45 | W2: 33 | X2: 0.0239 | Y2: 0.217 | Z2: 4609.34 | AA2: 4609.34 | AB2: 0.2603 | AC2: 0.2812 | AD2: 6.75 | AE2: 108.03 | AF2: 511.62 | AG2: 511.75 | AH2: 0.13 | AI2: 108545 | AJ2: 0.41
A3: facenet_retinaface | B3: FaceNet128 | C3: retinaface | D3: Baseline (None) | E3: 128 | F3: 0.3116 | G3: 0.4178 | H3: 0.9762 | I3: 0.95 | J3: 0.95 | K3: 0.947 | L3: 0.9533 | M3: 0.9467 | N3: 0.9502 | O3: 0.9868 | P3: 0.0533 | Q3: 0.0467 | R3: 0.05 | S3: 0.5475 | T3: 572 | U3: 568 | V3: 32 | W3: 28 | X3: 0.0262 | Y3: 0.1734 | Z3: 5765.62 | AA3: 5765.62 | AB3: 0.2081 | AC3: 0.3906 | AD3: 11.73 | AE3: 187.68 | AF3: 550 | AG3: 550.11 | AH3: 0.1 | AI3: 108545 | AJ3: 0.41
A4: Facenet512_mtcnn_Reg2_256x128x64_regularized | B4: FaceNet512 | C4: mtcnn | D4: Reg2_256x128x64 | E4: 512 | F4: 0.4697 | G4: 0.629 | H4: 0.9883 | I4: 0.9442 | J4: 0.9442 | K4: 0.9619 | L4: 0.925 | M4: 0.9633 | N4: 0.9431 | O4: 0.9789 | P4: 0.0367 | Q4: 0.075 | R4: 0.0583 | S4: 0.2563 | T4: 555 | U4: 578 | V4: 22 | W4: 45 | X4: 0.0442 | Y4: 0.1508 | Z4: 6629.2 | AA4: 6629.2 | AB4: 0.181 | AC4: 0.2031 | AD4: 7.01 | AE4: 112.21 | AF4: 1487.7 | AG4: 1487.75 | AH4: 0.05 | AI4: 305153 | AJ4: 3.53
A5: Facenet512_retinaface_Reg1_512x256x128_regularized | B5: FaceNet512 | C5: retinaface | D5: Reg1_512x256x128 | E5: 512 | F5: 0.4496 | G5: 0.6446 | H5: 0.9925 | I5: 0.9542 | J5: 0.9542 | K5: 0.9756 | L5: 0.9317 | M5: 0.9767 | N5: 0.9531 | O5: 0.9847 | P5: 0.0233 | Q5: 0.0683 | R5: 0.0533 | S5: 0.0841 | T5: 559 | U5: 586 | V5: 14 | W5: 41 | X5: 0.0383 | Y5: 0.1857 | Z5: 5385.63 | AA5: 5385.63 | AB5: 0.2228 | AC5: 0.3281 | AD5: 9.2 | AE5: 147.26 | AF5: 1523.49 | AG5: 1523.55 | AH5: 0.06 | AI5: 692225 | AJ5: 7.96
